{
  "id": "1570761",
  "name": "star",
  "font_family": "iconfont",
  "css_prefix_text": "icon-",
  "description": "",
  "glyphs": [
    {
      "icon_id": "1092135",
      "name": "分享",
      "font_class": "fenxiang",
      "unicode": "e626",
      "unicode_decimal": 58918
    },
    {
      "icon_id": "1899144",
      "name": "weibo",
      "font_class": "weibo",
      "unicode": "e75a",
      "unicode_decimal": 59226
    },
    {
      "icon_id": "431779",
      "name": "github",
      "font_class": "github",
      "unicode": "e709",
      "unicode_decimal": 59145
    },
    {
      "icon_id": "12842710",
      "name": "w_留言",
      "font_class": "w_liuyan",
      "unicode": "e66e",
      "unicode_decimal": 58990
    },
    {
      "icon_id": "101246",
      "name": "社交",
      "font_class": "shejiao",
      "unicode": "e646",
      "unicode_decimal": 58950
    },
    {
      "icon_id": "405749",
      "name": "xin",
      "font_class": "xin1",
      "unicode": "e6b3",
      "unicode_decimal": 59059
    },
    {
      "icon_id": "3978352",
      "name": "字典配置",
      "font_class": "zidianpeizhi",
      "unicode": "e651",
      "unicode_decimal": 58961
    },
    {
      "icon_id": "354412",
      "name": "菜单",
      "font_class": "iconfontcaidan",
      "unicode": "e60f",
      "unicode_decimal": 58895
    },
    {
      "icon_id": "869170",
      "name": "主页",
      "font_class": "zhuye",
      "unicode": "e6ce",
      "unicode_decimal": 59086
    },
    {
      "icon_id": "150110",
      "name": "tag",
      "font_class": "tag",
      "unicode": "e617",
      "unicode_decimal": 58903
    },
    {
      "icon_id": "4241837",
      "name": "end",
      "font_class": "end",
      "unicode": "e7d9",
      "unicode_decimal": 59353
    },
    {
      "icon_id": "1314429",
      "name": "眼睛",
      "font_class": "yanjing",
      "unicode": "e60d",
      "unicode_decimal": 58893
    },
    {
      "icon_id": "7192329",
      "name": "心",
      "font_class": "xin",
      "unicode": "e60c",
      "unicode_decimal": 58892
    },
    {
      "icon_id": "1074897",
      "name": "face",
      "font_class": "face",
      "unicode": "e649",
      "unicode_decimal": 58953
    },
    {
      "icon_id": "691179",
      "name": "地理位置",
      "font_class": "diliweizhi",
      "unicode": "e637",
      "unicode_decimal": 58935
    },
    {
      "icon_id": "7194758",
      "name": "浏览器",
      "font_class": "liulanqi",
      "unicode": "e60b",
      "unicode_decimal": 58891
    },
    {
      "icon_id": "10232773",
      "name": "时间",
      "font_class": "shijian",
      "unicode": "e78d",
      "unicode_decimal": 59277
    },
    {
      "icon_id": "3506928",
      "name": "qq",
      "font_class": "qq1",
      "unicode": "e607",
      "unicode_decimal": 58887
    },
    {
      "icon_id": "12189368",
      "name": "点击",
      "font_class": "dianji",
      "unicode": "e645",
      "unicode_decimal": 58949
    },
    {
      "icon_id": "544887",
      "name": "navicon",
      "font_class": "navicon",
      "unicode": "e8ae",
      "unicode_decimal": 59566
    },
    {
      "icon_id": "887910",
      "name": "lock",
      "font_class": "lock",
      "unicode": "e6ba",
      "unicode_decimal": 59066
    },
    {
      "icon_id": "1546349",
      "name": "lock unlock 2",
      "font_class": "lockunlock",
      "unicode": "e621",
      "unicode_decimal": 58913
    },
    {
      "icon_id": "5387604",
      "name": "取消全屏",
      "font_class": "quxiaoquanping",
      "unicode": "eb10",
      "unicode_decimal": 60176
    },
    {
      "icon_id": "7913439",
      "name": "全屏 ",
      "font_class": "quanping",
      "unicode": "e62a",
      "unicode_decimal": 58922
    },
    {
      "icon_id": "5524676",
      "name": "bug",
      "font_class": "bug",
      "unicode": "e606",
      "unicode_decimal": 58886
    },
    {
      "icon_id": "5367050",
      "name": "日记",
      "font_class": "riji2",
      "unicode": "e625",
      "unicode_decimal": 58917
    },
    {
      "icon_id": "6696760",
      "name": "首页-选中",
      "font_class": "shouye",
      "unicode": "e605",
      "unicode_decimal": 58885
    },
    {
      "icon_id": "948550",
      "name": "关于",
      "font_class": "guanyu",
      "unicode": "e611",
      "unicode_decimal": 58897
    },
    {
      "icon_id": "1327450",
      "name": "美文",
      "font_class": "meiwen",
      "unicode": "e67d",
      "unicode_decimal": 59005
    },
    {
      "icon_id": "3423681",
      "name": "更新",
      "font_class": "renewal",
      "unicode": "e643",
      "unicode_decimal": 58947
    },
    {
      "icon_id": "6554037",
      "name": "留言",
      "font_class": "liuyan1",
      "unicode": "e6ae",
      "unicode_decimal": 59054
    },
    {
      "icon_id": "4750966",
      "name": "资源 77",
      "font_class": "ziyuan",
      "unicode": "e6a7",
      "unicode_decimal": 59047
    },
    {
      "icon_id": "1705378",
      "name": "qq",
      "font_class": "qq",
      "unicode": "e61c",
      "unicode_decimal": 58908
    },
    {
      "icon_id": "190089",
      "name": "mail",
      "font_class": "mail",
      "unicode": "e6fb",
      "unicode_decimal": 59131
    },
    {
      "icon_id": "628556",
      "name": "归档",
      "font_class": "crm26",
      "unicode": "e658",
      "unicode_decimal": 58968
    },
    {
      "icon_id": "668011",
      "name": "book",
      "font_class": "book",
      "unicode": "e61b",
      "unicode_decimal": 58907
    },
    {
      "icon_id": "974259",
      "name": "map",
      "font_class": "map",
      "unicode": "e644",
      "unicode_decimal": 58948
    },
    {
      "icon_id": "9660161",
      "name": "日记",
      "font_class": "riji",
      "unicode": "e60a",
      "unicode_decimal": 58890
    },
    {
      "icon_id": "2909859",
      "name": "icon_quotation",
      "font_class": "quotation__ea1",
      "unicode": "e604",
      "unicode_decimal": 58884
    },
    {
      "icon_id": "2909855",
      "name": "icon_quotation",
      "font_class": "quotation__ea",
      "unicode": "e603",
      "unicode_decimal": 58883
    },
    {
      "icon_id": "2028652",
      "name": "刷新",
      "font_class": "refresh",
      "unicode": "e615",
      "unicode_decimal": 58901
    },
    {
      "icon_id": "5603721",
      "name": "back",
      "font_class": "back",
      "unicode": "e608",
      "unicode_decimal": 58888
    },
    {
      "icon_id": "5603722",
      "name": "forword",
      "font_class": "forword",
      "unicode": "e609",
      "unicode_decimal": 58889
    },
    {
      "icon_id": "6086368",
      "name": "down",
      "font_class": "down",
      "unicode": "e619",
      "unicode_decimal": 58905
    },
    {
      "icon_id": "6086369",
      "name": "up",
      "font_class": "up",
      "unicode": "e61a",
      "unicode_decimal": 58906
    },
    {
      "icon_id": "8284366",
      "name": "链接",
      "font_class": "lianjie",
      "unicode": "e79c",
      "unicode_decimal": 59292
    },
    {
      "icon_id": "1502917",
      "name": "微信",
      "font_class": "weixin",
      "unicode": "e602",
      "unicode_decimal": 58882
    },
    {
      "icon_id": "1417491",
      "name": "下载",
      "font_class": "xiazaigray",
      "unicode": "e623",
      "unicode_decimal": 58915
    },
    {
      "icon_id": "2986427",
      "name": "搜索--1",
      "font_class": "search",
      "unicode": "e601",
      "unicode_decimal": 58881
    },
    {
      "icon_id": "3511209",
      "name": "打赏",
      "font_class": "dashang",
      "unicode": "e668",
      "unicode_decimal": 58984
    },
    {
      "icon_id": "1517479",
      "name": "访问",
      "font_class": "fangwen",
      "unicode": "e648",
      "unicode_decimal": 58952
    },
    {
      "icon_id": "2291348",
      "name": "日历",
      "font_class": "rili",
      "unicode": "e6ad",
      "unicode_decimal": 59053
    },
    {
      "icon_id": "4951919",
      "name": "留言",
      "font_class": "liuyan",
      "unicode": "e6a6",
      "unicode_decimal": 59046
    },
    {
      "icon_id": "11372677",
      "name": "男",
      "font_class": "nan",
      "unicode": "e8b3",
      "unicode_decimal": 59571
    },
    {
      "icon_id": "11372678",
      "name": "女",
      "font_class": "nv",
      "unicode": "e8b4",
      "unicode_decimal": 59572
    },
    {
      "icon_id": "11372695",
      "name": "上传",
      "font_class": "shangchuan",
      "unicode": "e8b7",
      "unicode_decimal": 59575
    },
    {
      "icon_id": "11372726",
      "name": "消息中心",
      "font_class": "xiaoxizhongxin",
      "unicode": "e8be",
      "unicode_decimal": 59582
    },
    {
      "icon_id": "9096739",
      "name": "alipay",
      "font_class": "alipay",
      "unicode": "e666",
      "unicode_decimal": 58982
    },
    {
      "icon_id": "693654",
      "name": "部门管理",
      "font_class": "bumenguanli",
      "unicode": "e667",
      "unicode_decimal": 58983
    },
    {
      "icon_id": "3616101",
      "name": "日志管理",
      "font_class": "line-log",
      "unicode": "e716",
      "unicode_decimal": 59158
    },
    {
      "icon_id": "4320359",
      "name": "用户管理",
      "font_class": "yonghuguanli",
      "unicode": "e65c",
      "unicode_decimal": 58972
    },
    {
      "icon_id": "9787336",
      "name": "系统设置",
      "font_class": "shezhi",
      "unicode": "e64e",
      "unicode_decimal": 58958
    },
    {
      "icon_id": "10088845",
      "name": "jueseguanli",
      "font_class": "jueseguanli",
      "unicode": "e70c",
      "unicode_decimal": 59148
    },
    {
      "icon_id": "10353655",
      "name": "密钥",
      "font_class": "miyue",
      "unicode": "e600",
      "unicode_decimal": 58880
    },
    {
      "icon_id": "1440389",
      "name": "权限管理",
      "font_class": "quanxianguanli",
      "unicode": "e610",
      "unicode_decimal": 58896
    },
    {
      "icon_id": "6660766",
      "name": "点赞",
      "font_class": "dianzan",
      "unicode": "e67e",
      "unicode_decimal": 59006
    }
  ]
}
